Time [s],Angular Velocity [rad/s]
0.0020560380761523046,6.565374395556877
0.004112076152304609,41.2763753593185
0.006168114228456914,77.12285631591973
0.008224152304609218,124.25827170704265
0.010280190380761523,155.4526785714272
0.012336228456913827,183.51579301323383
0.014392266533066132,200.45045613913885
0.016448304609218437,225.70679205023188
0.01850434268537074,240.92547758978077
0.020560380761523046,245.88280349393145
0.022616418837675352,276.34519835550947
0.024672456913827655,302.0687225999308
0.026728494989979958,307.9168862335355
0.028784533066132264,294.3291642967885
0.03084057114228457,304.98885928379616
0.03289660921843687,315.73067840111406
0.034952647294589176,334.04928546766183
0.03700868537074148,325.1560947758417
0.03906472344689379,334.00286659792005
0.04112076152304609,332.0348413886059
0.043176799599198394,365.41208088749823
0.045232837675350704,360.7634201487826
0.04728887575150301,346.76551194844916
0.04934491382765531,337.5978666999012
0.05140095190380761,347.1813553707697
0.053456989979959915,362.5208687423057
0.055513028056112225,363.1031794273798
0.05756906613226453,366.57107895763494
0.05962510420841683,355.60635988187045
0.06168114228456914,373.4642857142707
0.06373718036072144,371.0749925712092
0.06579321843687375,355.9800860463394
0.06784925651302605,357.10372739188114
0.06990529458917835,378.2817853782068
0.07196133266533065,372.7070775192931
0.07401737074148296,363.1827322566559
0.07607340881763527,361.77715909809785
0.07812944689378758,373.0301413232746
0.08018548496993988,380.17627033033176
0.08224152304609218,365.2960525805645
0.08429756112224449,364.98210135483924
0.08635359919839679,362.92153320437455
0.08840963727454909,373.34174652844337
0.09046567535070141,368.0668398503965
0.09252171342685371,374.3126802004006
0.09457775150300601,373.32608766098286
0.09663378957915832,379.8234626830642
0.09868982765531062,369.16516846872815
0.10074586573146292,353.77239452310164
0.10280190380761522,363.02798728788747
0.10485794188376753,379.1905708475321
0.10691397995991983,377.08219030119113
0.10897001803607215,373.31095253924065
0.11102605611222445,369.316717617366
0.11308209418837675,379.8354369305828
0.11513813226452906,378.90974786210074
0.11719417034068136,368.22169107780644
0.11925020841683366,358.1316373290536
0.12130624649298596,369.8263580249606
0.12336228456913828,375.0476836948388
0.12541832264529057,374.3600880656095
0.1274743607214429,364.8878171103833
0.12953039879759518,377.8641504709858
0.1315864368737475,382.459390380571
0.1336424749498998,371.3675357912792
0.1356985130260521,353.490163117834
0.13775455110220441,374.24232122233065
0.1398105891783567,386.4669147572964
0.14186662725450902,364.60731110891584
0.1439226653306613,360.7437947981237
0.14597870340681363,378.16955490826865
0.14803474148296591,387.3951068144331
0.15009077955911823,373.6628010907812
0.15214681763527055,353.3563931497038
0.15420285571142284,371.5614799851393
0.15625889378757515,385.72950686989094
0.15831493186372744,363.95755416494455
0.16037096993987976,361.321696456223
0.16242700801603205,379.7359690804509
0.16448304609218437,389.81937007362393
0.16653908416833668,367.6138893129045
0.16859512224448897,358.4796120376707
0.1706511603206413,373.5171724446926
0.17270719839679358,372.5502744389347
0.1747632364729459,367.4576769409909
0.17681927454909818,367.89989756890037
0.1788753126252505,381.3200284042185
0.18093135070140282,381.12071505962206
0.1829873887775551,371.85307859420215
0.18504342685370742,363.19551272671663
0.1870994649298597,370.6072286937741
0.18915550300601203,371.6300862019456
0.19121154108216432,370.8867022875687
0.19326757915831663,369.57088883787685
0.19532361723446892,378.3771820380154
0.19737965531062124,378.9477102282653
0.19943569338677355,373.90197014379925
0.20149173146292584,366.18571164325124
0.20354776953907816,368.846761833741
0.20560380761523045,373.6781808664226
0.20765984569138277,374.02701963266094
0.20971588376753506,362.7583163814314
0.21177192184368737,371.1641851491854
0.21382795991983966,388.2346762611029
0.21588399799599198,375.80390561160664
0.2179400360721443,367.6878801210113
0.21999607414829658,364.8443199617055
0.2220521122244489,367.5270057726545
0.2241081503006012,371.68929777834984
0.2261641883767535,371.827569909851
0.2282202264529058,372.6201272229015
0.2302762645290581,376.6663093510173
0.23233230260521043,379.5269058820135
0.23438834068136272,372.3646505568986
0.23644437875751503,365.2687462967074
0.23850041683366732,365.9304691461355
0.24055645490981964,373.8768362149112
0.24261249298597193,367.4135162860707
0.24466853106212424,372.0597920380827
0.24672456913827656,381.28319007506565
0.24878060721442885,379.83493433191813
0.25083664529058114,375.8180838389321
0.2528926833667335,364.0640929611205
0.2549487214428858,362.4410301367664
0.25700475951903806,371.9891336428651
0.25906079759519035,376.3703747740733
0.2611168356713427,369.7901371443231
0.263172873747495,369.67830974972946
0.2652289118236473,381.0850735702981
0.2672849498997996,382.14506561328744
0.2693409879759519,363.66778722266906
0.2713970260521042,360.02272920058937
0.2734530641282565,372.242039615298
0.27550910220440883,381.3227202865202
0.2775651402805611,370.8319429287238
0.2796211783567134,368.040737348369
0.28167721643286575,383.6773699121332
0.28373325450901804,377.8723067123259
0.28578929258517033,361.5369642080946
0.2878453306613226,368.6920026652928
0.28990136873747496,372.19566537164206
0.29195740681362725,376.39821014559914
0.29401344488977954,364.3335695618059
0.29606948296593183,369.7724097732131
0.2981255210420842,390.08407469247317
0.30018155911823646,378.4019618044034
0.30223759719438875,366.4231118900578
0.3042936352705411,354.94072949611524
0.3063496733466934,373.80629492536326
0.3084057114228457,373.330775394321
0.31046174949899796,369.5096165163517
0.3125177875751503,373.93434883520035
0.3145738256513026,375.82159081467444
0.3166298637274549,383.2073972589281
0.31868590180360723,375.18481926343577
0.3207419398797595,354.6472449460167
0.3227979779559118,368.38109905049953
0.3248540160320641,384.5613438353773
0.32691005410821644,366.18924170193316
0.32896609218436873,367.11363533469375
0.331022130260521,383.2205760776289
0.33307816833667336,379.3671126283455
0.33513420641282565,374.1437446932196
0.33719024448897794,353.660905756543
0.33924628256513023,366.4684164796003
0.3413023206412826,384.3829825242153
0.34335835871743486,366.625198195771
0.34541439679358715,366.9666662340066
0.3474704348697395,380.6449219916455
0.3495264729458918,378.5129257521988
0.3515825110220441,379.6131385249507
0.35363854909819636,365.3514791508811
0.3556945871743487,358.0315270049636
0.357750625250501,377.71829076632565
0.3598066633266533,371.903573871484
0.36186270140280563,368.0297864664905
0.3639187394789579,377.8605246462882
0.3659747775551102,378.5237099910912
0.3680308156312625,382.40349194593693
0.37008685370741484,369.16216464101177
0.37214289178356713,354.7229840651059
0.3741989298597194,378.3755962986678
0.3762549679358717,371.2220050426104
0.37831100601202405,369.8849058899825
0.38036704408817634,375.49734712276046
0.38242308216432863,373.06114160396805
0.384479120240481,387.05273348192725
0.38653515831663326,371.43794753517705
0.38859119639278555,353.16815397643137
0.39064723446893784,374.5851184793541
0.3927032725450902,384.2470199176275
0.3947593106212425,363.1243054967576
0.39681534869739477,370.2220382486593
0.3988713867735471,372.87153342424955
0.4009274248496994,390.4094872792452
0.4029834629258517,365.40473901297935
0.405039501002004,362.67733268665046
0.4070955390781563,361.3259746391046
0.4091515771543086,384.37466640353585
0.4112076152304609,376.55190447052456
0.41326365330661324,354.98253964886175
0.41531969138276553,380.0780338083379
0.4173757294589178,394.25054831308245
0.4194317675350701,365.1416336756444
0.42148780561122245,362.3199000145338
0.42354384368737474,370.35180329715257
0.42559988176352703,369.0330024315058
0.4276559198396793,374.95661816953964
0.42971195791583167,371.91455567683386
0.43176799599198395,364.6145816102208
0.43382403406813624,390.2161495155207
0.4358800721442886,385.6984628927179
0.4379361102204409,352.2624445454745
0.43999214829659317,367.1626830357747
0.44204818637274546,368.68784170858953
0.4441042244488978,382.37129170557887
0.4461602625250501,374.0538886445561
0.4482163006012024,361.1320763970386
0.4502723386773547,392.3554750488712
0.452328376753507,371.33771809550035
0.4543844148296593,370.5544696670064
0.4564404529058116,347.9334196862003
0.45849649098196393,382.22051156749296
0.4605525290581162,385.33323495737733
0.4626085671342685,358.35555740661454
0.46466460521042086,371.24511797302256
0.46672064328657314,390.46074340227
0.46877668136272543,375.5158167281167
0.4708327194388777,371.5900350771151
0.47288875751503007,363.0825652714538
0.47494479559118236,360.98899740756394
0.47700083366733464,388.00819160456865
0.479056871743487,359.0523767933454
0.4811129098196393,371.0312737930374
0.48316894789579157,369.188756760372
0.48522498597194386,396.7948312984732
0.4872810240480962,377.1975412142408
0.4893370621242485,347.6477449710261
0.4913931002004008,373.62435677531
0.4934491382765531,386.7675331487149
0.4955051763527054,361.5487867778294
0.4975612144288577,370.6044201830171
0.49961725250501,363.58085677371946
0.5016732905811623,394.9518115103402
0.5037293286573146,382.39788040575775
0.505785366733467,347.03008127618074
0.5078414048096193,371.29077392790407
0.5098974428857715,369.43228289696077
0.5119534809619238,381.5619698168551
0.5140095190380761,368.7828969752318
0.5160655571142284,376.58477811081406
0.5181215951903807,374.510933258764
0.5201776332665331,386.5622882586936
0.5222336713426854,364.8844668447641
0.5242897094188377,352.52947922100515
0.52634574749499,382.2547951328931
0.5284017855711423,371.04707558597084
0.5304578236472945,369.07393162391986
0.5325138617234468,375.8287342049287
0.5345698997995992,375.38300424184376
0.5366259378757515,392.79088477257517
0.5386819759519038,352.5374293712923
0.5407380140280561,367.83337992531136
0.5427940521042084,363.51662558203157
0.5448500901803607,386.1819132316663
0.546906128256513,372.5227068442413
0.5489621663326654,357.5884606535479
0.5510182044088177,388.29120359878976
0.55307424248497,390.8848319734884
0.5551302805611222,360.78714267357253
0.5571863186372745,363.0819014881665
0.5592423567134268,373.9298668957547
0.5612983947895791,372.3947609567863
0.5633544328657315,376.5320521675963
0.5654104709418838,369.0726575295837
0.5674665090180361,369.0982770510697
0.5695225470941884,395.0219135240159
0.5715785851703407,365.64099619717416
0.573634623246493,362.16146654998425
0.5756906613226452,360.1017164250352
0.5777466993987976,384.9335636919806
0.5798027374749499,364.8792302418225
0.5818587755511022,371.7925652511528
0.5839148136272545,379.72372223959576
0.5859708517034068,376.0268761357742
0.5880268897795591,371.47401079682953
0.5900829278557114,364.61895132448814
0.5921389659318637,368.3592629319956
0.5941950040080161,385.073263826782
0.5962510420841683,368.92250246322203
0.5983070801603206,370.74694345855926
0.6003631182364729,364.1837262310068
0.6024191563126252,389.8489693508067
0.6044751943887775,373.2251555517352
0.6065312324649298,369.95837334404064
0.6085872705410822,364.2685862689148
0.6106433086172345,368.376864298851
0.6126993466933868,379.0116097145818
0.6147553847695391,360.69881574303935
0.6168114228456913,374.1278639508221
0.6188674609218436,384.73781792494754
0.6209234989979959,375.9481026399039
0.6229795370741483,371.968287946448
0.6250355751503006,361.7698981272869
0.6270916132264529,365.6012672147888
0.6291476513026052,387.87598150918967
0.6312036893787575,372.37467856880835
0.6332597274549098,359.213869709858
0.6353157655310621,386.194245160225
0.6373718036072145,387.7480143714882
0.6394278416833667,362.6849885308453
0.641483879759519,361.96756713803677
0.6435399178356713,365.9091043249758
0.6455959559118236,380.7894163726155
0.6476519939879759,364.4166426936693
0.6497080320641282,373.4985224982501
0.6517640701402806,377.9989219671828
0.6538201082164329,378.5116408558778
0.6558761462925852,378.93936179999423
0.6579321843687375,358.781885186733
0.6599882224448897,362.2204971464342
0.662044260521042,385.6619685066246
0.6641002985971943,375.25552391249204
0.6661563366733467,360.09262525854575
0.668212374749499,380.31414968069635
0.6702684128256513,387.6428202945508
0.6723244509018036,370.2971009113615
0.6743804889779559,361.8128726852948
0.6764365270541082,359.15478519923937
0.6784925651302605,383.2330436307877
0.6805486032064129,376.8835021256741
0.6826046412825651,362.68771088239873
0.6846606793587174,372.081955795541
0.6867167174348697,379.3252990530823
0.688772755511022,385.5826118053818
0.6908287935871743,361.5831746922288
0.6928848316633266,357.5359772689109
0.694940869739479,382.5650301912618
0.6969969078156313,375.75720133114515
0.6990529458917836,363.43224054039734
0.7011089839679359,374.892313459702
0.7031650220440882,387.64109511646234
0.7052210601202404,382.8327444095457
0.7072770981963927,362.05418845785783
0.7093331362725451,360.91951622624737
0.7113891743486974,367.41114344002125
0.7134452124248497,382.7399024202525
0.715501250501002,374.6743938007138
0.7175572885771543,365.1333762505519
0.7196133266533066,374.5997587735276
0.7216693647294589,383.6406784243818
0.7237254028056113,364.90703989216485
0.7257814408817636,365.108391053862
0.7278374789579158,374.5375673431384
0.7298935170340681,376.531080346082
0.7319495551102204,369.3030780660931
0.7340055931863727,373.1894843238646
0.736061631262525,373.80833455001635
0.7381176693386773,380.1589021764757
0.7401737074148297,378.8399153304519
0.742229745490982,357.1744548510545
0.7442857835671343,363.42152718631314
0.7463418216432866,383.1900382118123
0.7483978597194388,377.5664231577386
0.7504538977955911,362.4363698433487
0.7525099358717434,372.9513203228369
0.7545659739478958,389.6317256172295
0.7566220120240481,371.6602861518369
0.7586780501002004,358.58073472928515
0.7607340881763527,369.1624329935698
0.762790126252505,380.8275317145322
0.7648461643286573,372.78850285689174
0.7669022024048096,363.8750749932656
0.768958240480962,379.0121811661849
0.7710142785571142,382.70986213556176
0.7730703166332665,375.62972084629985
0.7751263547094188,360.08232564545284
0.7771823927855711,359.3683621579077
0.7792384308617234,382.5213608590135
0.7812944689378757,376.35380277258696
0.7833505070140281,367.54343947208037
0.7854065450901804,366.39523276140426
0.7874625831663327,379.84542448693156
0.789518621242485,388.9797226800332
0.7915746593186372,361.4548780879966
0.7936306973947895,359.15040361513314
0.7956867354709418,379.21646163010564
0.7977427735470942,373.23234228831694
0.7997988116232465,369.1455041870285
0.8018548496993988,374.9283403401942
0.8039108877755511,376.0510889784091
0.8059669258517034,380.63897454933095
0.8080229639278557,376.6013704190214
0.810079002004008,359.24954667897356
0.8121350400801604,369.45136040202823
0.8141910781563126,383.4980710659031
0.8162471162324649,366.1861284300934
0.8183031543086172,366.10502073209403
0.8203591923847695,372.5139972740119
0.8224152304609218,383.9063021992992
0.8244712685370741,378.652992044843
0.8265273066132265,355.26257812380703
0.8285833446893788,367.1917628311864
0.8306393827655311,384.32484213649394
0.8326954208416834,366.59524849261163
0.8347514589178356,366.5901315180928
0.8368074969939879,381.33403735093077
0.8388635350701402,379.0458478406376
0.8409195731462926,376.4844698823307
0.8429756112224449,366.6396611580877
0.8450316492985972,370.4605477602038
0.8470876873747495,370.45409728569877
0.8491437254509018,373.4285610281681
0.8511997635270541,371.9942501879559
0.8532558016032064,376.739822136505
0.8553118396793586,378.0536491124342
0.857367877755511,377.3678790558521
0.8594239158316633,367.96413743641705
0.8614799539078156,357.3964108510621
0.8635359919839679,375.54318855555834
0.8655920300601202,382.3858851058612
0.8676480681362725,361.89014554414985
0.8697041062124248,370.19293332293614
0.8717601442885772,386.1518153807054
0.8738161823647295,380.1174443067748
0.8758722204408818,370.0047649260665
0.877928258517034,354.99935808877046
0.8799842965931863,376.4324037581242
0.8820403346693386,384.62441942773967
0.8840963727454909,361.907080923532
0.8861524108216433,369.3718169579505
0.8882084488977956,374.2457510889961
0.8902644869739479,387.6234876109908
0.8923205250501002,373.48356879792635
0.8943765631262525,349.68095819082777
0.8964326012024048,372.81360124246385
0.898488639278557,383.0598754502909
0.9005446773547094,377.1968409268683
0.9026007154308617,360.9835384924832
0.904656753507014,381.4133629350284
0.9067127915831663,379.69050797372176
0.9087688296593186,375.18282889403014
0.9108248677354709,366.05760265086343
0.9128809058116232,360.25574017284373
0.9149369438877756,381.03353232365623
0.9169929819639279,365.3070393358971
0.9190490200400802,368.39072951117174
0.9211050581162324,381.04350714119533
0.9231610961923847,379.15932925291474
0.925217134268537,379.4707568471848
0.9272731723446893,366.36069494798994
0.9293292104208417,356.7212934573544
0.931385248496994,383.7477061292444
0.9334412865731463,380.71688050545237
0.9354973246492986,353.15055242022123
0.9375533627254509,373.8183731804727
0.9396094008016032,391.57849134377193
0.9416654388777554,383.23638380394044
0.9437214769539078,354.2894869404854
0.9457775150300601,362.84814944201634
0.9478335531062124,381.84264980951536
0.9498895911823647,381.57782872317887
0.951945629258517,358.2329902136263
0.9540016673346693,374.4945715720073
0.9560577054108216,374.14278670436187
0.958113743486974,386.77718048152354
0.9601697815631263,372.90558103325515
0.9622258196392786,351.05032896677415
0.9642818577154308,379.6315773493501
0.9663378957915831,370.8393126139603
0.9683939338677354,373.89456523610295
0.9704499719438877,371.7185750488416
0.9725060100200401,370.71995603211906
0.9745620480961924,392.4759244197599
0.9766180861723447,372.7897232718657
0.978674124248497,347.0674036650899
0.9807301623246493,378.35345502541844
0.9827862004008016,385.60158287647
0.9848422384769538,359.82425164328095
0.9868982765531062,367.73007117580715
0.9889543146292585,381.8310256037207
0.9910103527054108,394.6721087066158
0.9930663907815631,363.35748811344587
0.9951224288577154,362.59812840499166
0.9971784669338677,360.2464476311775
0.99923450501002,384.93738370047197
1.0012905430861723,364.85072878301065
1.0033465811623246,371.5967041312118
1.0054026192384768,382.99635564407794
1.0074586573146291,376.8835693844519
1.0095146953907816,384.1400507721762
1.011570733466934,346.82496858573205
1.0136267715430862,369.4817385669146
1.0156828096192385,385.88170487340255
1.0177388476953908,364.8424303874833
1.019794885771543,369.5058030845926
1.0218509238476954,376.15730176951797
1.0239069619238477,391.964845918735
1.025963,372.2779690189494
1.0280190380761522,365.20494286444074
1.0300750761523045,351.647125423744
1.0321311142284568,382.8767121403776
1.0341871523046091,387.93702163123686
1.0362431903807614,355.2634162368959
1.038299228456914,373.0249724184889
1.0403552665330662,390.01606509502767
1.0424113046092185,373.6486677808683
1.0444673426853708,371.17007461646955
1.046523380761523,349.6494610830433
1.0485794188376754,380.39398256069757
1.0506354569138276,386.91001403693434
1.05269149498998,359.1369143854269
1.0547475330661322,372.9350143690665
1.0568035711422845,384.7004170441035
1.0588596092184368,376.80278574981384
1.060915647294589,377.48676201684174
1.0629716853707414,346.1979043972226
1.0650277234468937,379.3765965115108
1.067083761523046,370.28182055105026
1.0691397995991985,377.8018509367776
1.0711958376753508,370.30141675471396
1.073251875751503,367.11442787443787
1.0753079138276553,395.7911008594184
1.0773639519038076,379.0004976879781
1.07941998997996,350.06176241271413
1.0814760280561122,371.09176373739393
1.0835320661322645,371.2208154827704
1.0855881042084168,381.4819218657991
1.087644142284569,368.68044974845816
1.0897001803607214,364.60319933597333
1.0917562184368736,388.8992469878356
1.093812256513026,371.4485331118244
1.0958682945891782,365.884237224771
1.0979243326653307,368.40354330713694
1.099980370741483,369.7860702231436
1.1020364088176353,382.4222550820235
1.1040924468937876,371.13117758914336
1.10614848496994,361.30193579470847
1.1082045230460922,388.99896679323376
1.1102605611222445,374.8903017373242
1.1123165991983968,368.241818229171
1.114372637274549,366.2132255101517
1.1164286753507013,378.831315130236
1.1184847134268536,369.09286104355687
1.120540751503006,370.8951646383074
1.1225967895791582,359.7445422061958
1.1246528276553105,386.14254978043385
1.126708865731463,389.00442896327206
1.1287649038076153,367.0872880133937
1.1308209418837676,351.60033509077766
1.1328769799599199,378.13873394135067
1.1349330180360722,380.47838276542006
1.1369890561122244,362.4693071925124
1.1390450941883767,372.65103301577955
1.141101132264529,385.3333263614918
1.1431571703406813,384.81988784535133
1.1452132084168336,362.1339886235429
1.147269246492986,364.9810623986953
1.1493252845691382,374.4077920792342
1.1513813226452905,381.8339114073228
1.1534373607214428,362.2559023220756
1.1554933987975953,370.44254915167653
1.1575494368737476,378.693765923993
1.1596054749498999,379.14577134740074
1.1616615130260521,381.30547676957485
1.1637175511022044,362.661432704128
1.1657735891783567,362.2350457884022
1.167829627254509,380.93723791103565
1.1698856653306613,365.8430821622341
1.1719417034068136,373.5571821477496
1.1739977414829659,374.98090425635564
1.1760537795591182,379.02539118410783
1.1781098176352705,382.92487303035045
1.1801658557114227,361.61386568934773
1.182221893787575,360.1127688904603
1.1842779318637273,385.2419205280052
1.1863339699398798,373.9659044944208
1.1883900080160321,361.18831762210357
1.1904460460921844,377.50013625880945
1.1925020841683367,383.6818955948344
1.194558122244489,374.00681647495975
1.1966141603206413,367.66049047427384
1.1986701983967936,363.32589191990655
1.2007262364729459,370.65692930533555
1.2027822745490981,384.4571570692402
1.2048383126252504,369.8794682096273
1.2068943507014027,365.50728397648305
1.208950388777555,382.97572268716186
1.2110064268537073,378.1747404158343
1.2130624649298596,370.8521341559818
1.215118503006012,359.10153518043217
1.2171745410821644,369.2151910014464
1.2192305791583167,386.0132771236707
1.221286617234469,368.71274054194373
1.2233426553106213,362.5491918549001
1.2253986933867735,385.55555923615856
1.2274547314629258,382.0137881045631
1.2295107695390781,364.0668840523147
1.2315668076152304,364.8566731010443
1.2336228456913827,374.33318658975776
1.235678883767535,375.69709678104476
1.2377349218436873,367.5690462097906
1.2397909599198396,373.7223358508137
1.2418469979959919,376.87615916770534
1.2439030360721444,378.15793569348347
1.2459590741482967,380.02131466433906
1.248015112224449,359.63276685124146
1.2500711503006012,362.83860862995294
1.2521271883767535,384.7161786097967
1.2541832264529058,372.5908287398809
1.256239264529058,363.1174186816296
1.2582953026052104,382.1593317621562
1.2603513406813627,383.97924532987884
1.262407378757515,372.6765318415554
1.2644634168336673,367.33620992170967
1.2665194549098195,362.7301271348244
1.2685754929859718,374.9600035778391
1.2706315310621241,380.69839293550314
1.2726875691382766,363.02964200092055
1.274743607214429,369.1686252345047
1.2767996452905812,389.9642423894975
1.2788556833667335,375.3773765226776
1.2809117214428858,360.2691812963523
1.282967759519038,369.21969355203817
1.2850237975951904,371.9052388479082
1.2870798356713427,375.67154197209055
1.289135873747495,375.8302524727402
1.2911919118236472,374.4940169783753
1.2932479498997995,380.23473988058294
1.2953039879759518,379.3013883041236
1.297360026052104,364.8899532892166
1.2994160641282564,360.63231310052674
1.301472102204409,372.1446539530796
1.3035281402805612,377.63593504685224
1.3055841783567135,377.7824458771398
1.3076402164328658,366.03239294833656
1.309696254509018,379.69627491036886
1.3117522925851703,380.7429910007888
1.3138083306613226,366.7664195202364
1.315864368737475,364.8453896988813
1.3179204068136272,367.19271087283056
1.3199764448897795,378.4984668307772
1.3220324829659318,376.61818469977896
1.324088521042084,361.539465399652
1.3261445591182364,377.9737878926567
1.3282005971943887,390.12275252774583
1.330256635270541,377.96060555817536
1.3323126733466935,356.711501767231
1.3343687114228457,366.51771117560185
1.336424749498998,385.1313204831096
1.3384807875751503,369.397501465556
1.3405368256513026,366.21349985057026
1.342592863727455,371.82571869299943
1.3446489018036072,385.0227071466469
1.3467049398797595,382.87047002764814
1.3487609779559118,357.25715044660745
1.350817016032064,364.4920128087401
1.3528730541082163,383.8117759156236
1.3549290921843686,369.8027809589788
1.356985130260521,366.78678382943053
1.3590411683366732,378.21725219274106
1.3610972064128257,378.94730898688977
1.363153244488978,378.5067502949816
1.3652092825651303,366.60703251387054
1.3672653206412826,355.70466588211576
1.3693213587174349,377.7315798558369
1.3713773967935872,380.5150836127847
1.3734334348697395,372.09395275792474
1.3754894729458917,362.3632309888541
1.377545511022044,384.72227857298367
1.3796015490981963,385.2696060637934
1.3816575871743486,371.160246095581
1.383713625250501,356.9545003263303
1.3857696633266532,372.7932184856548
1.3878257014028055,385.01518055861976
1.389881739478958,365.0160234881693
1.3919377775551103,369.4287604527891
1.3939938156312626,386.5367550667795
1.3960498537074149,376.294160006372
1.3981058917835671,367.1597064209771
1.4001619298597194,367.66021981567025
1.4022179679358717,367.79001852248877
1.404274006012024,380.7137454591059
1.4063300440881763,364.65800510128815
1.4083860821643286,367.8327822643529
1.4104421202404809,385.107471747403
1.4124981583166332,376.8705629187862
1.4145541963927855,371.852371800725
1.4166102344689377,364.98022315566243
1.4186662725450903,373.842477463216
1.4207223106212425,370.1927617946821
1.4227783486973948,376.2597745092937
1.4248343867735471,370.89416466690415
1.4268904248496994,365.5240187025615
1.4289464629258517,389.5548858671872
1.431002501002004,381.602629151684
1.4330585390781563,363.9476821859589
1.4351145771543086,357.3662570685885
1.4371706152304609,379.2472933692965
1.4392266533066131,381.15019017263893
1.4412826913827654,360.42894120666614
1.4433387294589177,373.80509867045464
1.44539476753507,393.0312884364124
1.4474508056112225,370.490414754736
1.4495068436873748,363.02142137693113
1.451562881763527,368.4869791762913
1.4536189198396794,382.44443750054774
1.4556749579158317,368.87700502279915
1.457730995991984,368.9416797460426
1.4597870340681363,361.8900079289472
1.4618430721442885,388.96347857816653
1.4638991102204408,388.4178662790765
1.4659551482965931,354.4722883267783
1.4680111863727454,365.66240715603976
1.4700672244488977,380.35114927255785
1.47212326252505,367.4234694343586
1.4741793006012023,371.4792222418403
1.4762353386773546,372.19814071861543
1.478291376753507,388.5372232540247
1.4803474148296594,375.8311507337698
1.4824034529058117,370.98399974177823
1.484459490981964,364.3350590121551
1.4865155290581162,363.7821774845737
1.4885715671342685,380.9432662589789
1.4906276052104208,375.19674515309043
1.492683643286573,357.44456841487187
1.4947396813627254,383.61234129094794
1.4967957194388777,393.33237782049764
1.49885175751503,361.8772354221754
1.5009077955911823,365.29070635651215
1.5029638336673345,362.72810554240283
1.5050198717434868,386.23595710747855
1.5070759098196393,378.4204005859988
1.5091319478957916,356.3322459866488
1.511187985971944,380.43821671728443
1.5132440240480962,394.1609173365576
1.5153000621242485,361.72919641923875
1.5173561002004008,361.63981393168876
1.519412138276553,372.56037919189555
1.5214681763527054,367.8077190632378
1.5235242144288577,381.07369282395877
1.52558025250501,367.1271941252594
1.5276362905811622,377.4239652886005
1.5296923286573145,374.6347569715125
1.5317483667334668,386.02393507598055
1.533804404809619,363.35380833553495
1.5358604428857716,366.87907696643515
1.537916480961924,366.2055400809153
1.5399725190380762,382.88082877070013
1.5420285571142285,371.01345480024816
1.5440845951903808,375.57087628868
1.546140633266533,375.2213089394987
1.5481966713426853,387.87612997871304
1.5502527094188376,368.87818206381303
1.55230874749499,346.97039875010404
1.5543647855711422,383.41752039406276
1.5564208236472945,368.81689987196955
1.5584768617234468,372.174488651911
1.560532899799599,373.0115573475414
1.5625889378757514,390.77450893359406
1.5646449759519039,374.46106486746305
1.5667010140280562,373.9248869116286
1.5687570521042085,348.2242534891887
1.5708130901803607,378.85321758094744
1.572869128256513,385.02923683718205
1.5749251663326653,358.77194043913033
1.5769812044088176,369.9634378223396
1.57903724248497,384.2116620094651
1.5810932805611222,376.9534815501816
1.5831493186372745,376.70328305828446
1.5852053567134268,359.2315193707038
1.587261394789579,361.10523082618965
1.5893174328657313,385.7388903106203
1.5913734709418836,376.9087751573078
1.593429509018036,371.96228381939994
1.5954855470941884,363.38990508411683
1.5975415851703407,395.7396121816113
1.599597623246493,380.15858798093257
1.6016536613226453,348.0575181954748
1.6037096993987976,370.5442162084025
1.6057657374749499,370.4584992246112
1.6078217755511022,383.1767538391461
1.6098778136272545,371.8402119440722
1.6119338517034068,363.07809444004573
1.613989889779559,390.2381128255096
1.6160459278557113,371.0848157340438
1.6181019659318636,368.37423109390477
1.620158004008016,364.6765975469789
1.6222140420841682,368.6759785746866
1.6242700801603207,383.6182438696128
1.626326118236473,368.15800930117433
1.6283821563126253,361.65669863961267
1.6304381943887776,388.2371001902616
1.6324942324649299,387.2087243285166
1.6345502705410822,365.6602425516808
1.6366063086172344,349.54344230079136
1.6386623466933867,384.1387115963996
1.640718384769539,385.65557779773445
1.6427744228456913,359.8465963543082
1.6448304609218436,374.7131025597921
1.6468864989979959,383.9511055799026
1.6489425370741482,377.8096103382938
1.6509985751503005,370.13955129464256
1.653054613226453,350.27541601181565
1.6551106513026053,378.44743532320996
1.6571666893787576,384.5876556213445
1.6592227274549098,363.69521260481923
1.6612787655310621,372.6956991994528
1.6633348036072144,378.4383259977328
1.6653908416833667,377.4964189905657
1.667446879759519,375.23589759730373
1.6695029178356713,360.0504395418844
1.6715589559118236,362.7651904784186
1.6736149939879759,385.4991962142837
1.6756710320641282,377.8992895770563
1.6777270701402804,366.0834197675975
1.6797831082164327,368.16494369633483
1.6818391462925852,391.10387361246535
1.6838951843687375,375.3623643379317
1.6859512224448898,352.95361714758474
1.688007260521042,371.63530046477103
1.6900632985971944,380.73768634120927
1.6921193366733467,368.1663189101854
1.694175374749499,371.32905224961604
1.6962314128256513,379.7699758127525
1.6982874509018036,386.6940560557076
1.7003434889779558,370.48025143564064
1.7023995270541081,366.695902109737
1.7044555651302604,364.5229558684245
1.7065116032064127,372.0228402093169
1.708567641282565,377.62302573576625
1.7106236793587173,362.26500415276513
1.7126797174348698,377.86527708761696
1.714735755511022,382.72244222876765
1.7167917935871744,374.70815889477245
1.7188478316633267,368.9910111680808
1.720903869739479,365.83657823528023
1.7229599078156312,373.25306938544566
1.7250159458917835,371.5418626304892
1.7270719839679358,373.8893968594416
1.729128022044088,368.5915863064413
1.7311840601202404,377.87658352275673
1.7332400981963927,388.3608881681968
1.735296136272545,367.5066050061374
1.7373521743486973,355.7564058855973
1.7394082124248496,378.67561652241244
1.741464250501002,381.3128755950258
1.7435202885771544,363.86688784159423
1.7455763266533066,372.94774843522055
1.747632364729459,379.908384189646
1.7496884028056112,378.08301635060957
1.7517444408817635,375.51381998261036
1.7538004789579158,359.46625511540196
1.755856517034068,366.1331513340711
1.7579125551102204,387.16257532925067
1.7599685931863727,371.7383703749633
1.762024631262525,363.3885648831019
1.7640806693386772,374.5640883222215
1.7661367074148295,380.3319494295246
1.7681927454909818,380.30369523947064
1.7702487835671343,359.7887212249574
1.7723048216432866,363.0215039547892
1.774360859719439,383.71009218253204
1.7764168977955912,372.41280890010677
1.7784729358717435,364.4014563326888
1.7805289739478958,378.40180301408543
1.782585012024048,389.57913723285577
1.7846410501002004,375.78567633882085
1.7866970881763526,356.6853132911185
1.788753126252505,371.1422746764895
1.7908091643286572,375.97421454983004
1.7928652024048095,371.96427663429535
1.7949212404809618,372.74118983036203
1.796977278557114,369.11019691097226
1.7990333166332666,378.386387508326
1.8010893547094189,386.3917841098767
1.8031453927855712,362.6076910154114
1.8052014308617235,360.26455882893737
1.8072574689378758,382.67220421240444
1.809313507014028,374.59196895851096
1.8113695450901803,365.59672512198193
1.8134255831663326,365.9536645806326
1.815481621242485,380.621722856364
1.8175376593186372,389.68997464785065
1.8195936973947895,363.4604565535175
1.8216497354709418,360.2330436234669
1.823705773547094,379.03739343324634
1.8257618116232464,374.39498531636616
1.8278178496993989,365.4412933393187
1.8298738877755512,374.5601387163355
1.8319299258517034,377.5220058079097
1.8339859639278557,381.5201288781683
1.836042002004008,375.19382426414614
1.8380980400801603,356.9925061873062
1.8401540781563126,368.3207768594944
1.842210116232465,384.6424610897575
1.8442661543086172,368.65268934718193
1.8463221923847695,365.27764928651527
1.8483782304609218,383.0273849917459
1.850434268537074,381.1916588189723
1.8524903066132263,372.25789557653883
1.8545463446893786,366.21648854419095
1.856602382765531,362.27095811779986
1.8586584208416834,377.32736502348575
1.8607144589178357,380.6793301214442
1.862770496993988,361.39526861924344
1.8648265350701403,374.48251746927735
1.8668825731462926,390.94899393138166
1.8689386112224449,371.24641618748404
1.8709946492985972,361.6189607718697
1.8730506873747494,370.56369497405115
1.8751067254509017,372.70296324190764
1.877162763527054,373.54561423450394
1.8792188016032063,373.46923758378716
1.8812748396793586,368.6377259789145
1.883330877755511,384.15136257004553
1.8853869158316632,385.76820103874724
1.8874429539078157,358.52268695573434
1.889498991983968,362.3152957870173
1.8915550300601203,370.2801829076345
1.8936110681362726,378.96621118530874
1.8956671062124248,376.64309103678164
1.8977231442885771,364.1643897051683
1.8997791823647294,384.2078482949872
1.9018352204408817,376.18845405234987
1.903891258517034,367.85428109854456
1.9059472965931863,366.02664364512594
1.9080033346693386,366.51532309666914
1.9100593727454909,380.3260497440284
1.9121154108216432,375.14843069450774
1.9141714488977954,362.5689664696376
1.916227486973948,381.1914159789982
1.9182835250501002,391.11805576887684
1.9203395631262525,364.58253800009123
1.9223956012024048,359.93346169367953
1.9244516392785571,376.76271231500624
1.9265076773547094,370.8278668788466
1.9285637154308617,370.70185107733533
1.930619753507014,373.4777124146461
1.9326757915831663,370.47797854568944
1.9347318296593186,387.74938289153516
1.9367878677354708,379.2562456588347
1.9388439058116231,352.8262433498752
1.9408999438877754,368.67561205842725
1.9429559819639277,385.77914719581526
1.9450120200400802,365.3120462751121
1.9470680581162325,367.5728618681337
1.9491240961923848,379.5508575248022
1.951180134268537,391.0073758815515
1.9532361723446894,368.94017292519436
1.9552922104208417,361.9315955555318
1.957348248496994,369.77873286592467
1.9594042865731462,370.7670152904868
1.9614603246492985,378.9926088137202
1.9635163627254508,370.6831343470275
1.9655724008016031,364.28658549768363
1.9676284388777554,384.8753352689708
1.9696844769539077,385.53475854375114
1.97174051503006,367.64644546390883
1.9737965531062125,353.9902311731436
1.9758525911823648,379.12089663418953
1.977908629258517,370.5541330453804
1.9799646673346694,369.5259350615909
1.9820207054108216,375.47290396063613
1.984076743486974,376.081872953037
1.9861327815631262,387.676179591925
1.9881888196392785,372.09771833452146
1.9902448577154308,352.4434666092187
1.992300895791583,377.9577221901415
1.9943569338677354,371.603376576622
1.9964129719438877,373.21700061366397
1.99846901002004,373.70047197414476
2.0005250480961925,372.2476017278271
2.0025810861723445,392.3268113620822
2.004637124248497,359.5812261682151
2.006693162324649,364.13048518064005
2.0087492004008016,378.36206462600313
2.0108052384769537,371.58891720007307
2.012861276553106,375.9239670839358
2.0149173146292583,369.23872704042486
2.016973352705411,365.78286928017934
2.0190293907815633,395.89256241498316
2.0210854288577154,377.95992770589436
2.023141466933868,349.0747909371081
2.02519750501002,373.07955223287996
2.0272535430861724,385.4983551922864
2.0293095811623245,363.1568012714992
2.031365619238477,370.4291795234787
2.033421657314629,364.1001953371159
2.0354776953907816,391.9416484843658
2.0375337334669337,384.60708931916656
2.039589771543086,363.45426865551025
2.0416458096192382,356.08927283080067
2.0437018476953908,382.9825215320377
2.045757885771543,369.29488264868024
2.0478139238476953,370.2628646541521
2.049869961923848,362.3201102413372
2.051926,390.7747661089596
2.0539820380761524,386.51812057306785
2.0560380761523045,356.53161656795925
2.058094114228457,366.6744104260322
2.060150152304609,377.4112549084192
2.0622061903807616,371.6866539977113
2.0642622284569137,373.60912789705407
2.066318266533066,370.3352708750474
2.0683743046092182,376.69871686653914
2.0704303426853707,390.55788725062837
2.072486380761523,365.2182731803759
2.0745424188376753,355.34146689962614
2.076598456913828,373.660387446686
2.07865449498998,375.0999168527956
2.0807105330661324,376.5362372326377
2.0827665711422845,366.784553506793
2.084822609218437,374.8942731009677
2.086878647294589,390.72483717937655
2.0889346853707416,368.5978698158835
2.0909907234468936,355.9179344292805
2.093046761523046,375.81481448999995
2.095102799599198,377.50194458476864
2.0971588376753507,368.84100064851265
2.099214875751503,373.9449337485346
2.1012709138276553,375.5921943153373
2.1033269519038074,381.8055445698679
2.10538298997996,369.9984046670473
2.1074390280561124,359.0888268702288
2.1094950661322645,375.9618964543551
2.111551104208417,376.08952596671236
2.113607142284569,371.26246400905103
2.1156631803607215,373.77908511918037
2.1177192184368736,372.67193209003244
2.119775256513026,386.56565144498
2.121831294589178,372.43456087468337
2.1238873326653307,358.77655135802326
2.1259433707414828,369.5417112395722
2.1279994088176353,382.7710956705196
2.1300554468937873,369.1411959419589
2.13211148496994,364.98535164365154
2.134167523046092,378.2036915628708
2.1362235611222444,379.02472975280244
2.138279599198397,377.73578050405706
2.140335637274549,369.0589745682775
2.1423916753507015,356.4240081619598
2.1444477134268536,378.2323334545221
2.146503751503006,381.0504563482299
2.148559789579158,371.95359878512403
2.1506158276553107,365.5285725177122
2.1526718657314627,381.72004201267833
2.1547279038076153,389.30021940513546
2.1567839418837673,363.30144875757264
2.15883997995992,360.8147923707213
2.160896018036072,368.2001312062289
2.1629520561122244,377.1480601247567
2.165008094188377,374.1772088582288
2.167064132264529,363.4530753626899
2.1691201703406815,382.84983624971113
2.1711762084168336,390.42539349470246
2.173232246492986,361.697818017214
2.175288284569138,359.17282946146105
2.1773443226452907,377.00181733041677
2.1794003607214427,384.9123599935906
2.1814563987975952,363.4476175372121
2.1835124368737473,367.0305669238552
2.1855684749499,382.5375541627017
2.187624513026052,378.1184112726588
2.1896805511022044,374.6429892305746
2.1917365891783565,364.6715356502087
2.193792627254509,359.92928566652904
2.1958486653306615,384.1366789719005
2.1979047034068135,378.4539601447231
2.199960741482966,360.59680207988174
2.202016779559118,376.44830461781817
2.2040728176352706,391.42038672682867
2.2061288557114227,380.51360935640514
2.208184893787575,353.9062904432375
2.2102409318637273,367.47210788562114
2.21229696993988,372.3514008832773
2.214353008016032,376.74711028685437
2.2164090460921844,370.6291874864413
2.2184650841683364,368.1439726775587
2.220521122244489,389.8549083306891
2.2225771603206415,384.53762817427815
2.2246331983967935,352.785663005003
2.226689236472946,363.727773949875
2.228745274549098,383.57415881027583
2.2308013126252506,368.86706541593486
2.2328573507014027,369.01619353660226
2.234913388777555,374.9597939732045
2.2369694268537073,389.18400163671276
2.2390254649298598,373.394599441704
2.241081503006012,368.5611761079831
2.2431375410821643,366.4930246761895
2.2451935791583164,365.5030995814183
2.247249617234469,382.72730666588285
2.249305655310621,374.9137026666436
2.2513616933867735,356.03815543613825
2.253417731462926,387.49134511333574
2.255473769539078,389.7889798846711
2.2575298076152306,359.3648962407348
2.2595858456913827,363.01293680350676
2.261641883767535,378.3522015041212
2.2636979218436872,370.76451466495325
2.2657539599198397,373.4001915350204
2.267809997995992,372.57638499080815
2.2698660360721443,369.05636132700386
2.2719220741482964,388.2630211867935
2.273978112224449,375.70404017992917
2.276034150300601,365.13240699167704
2.2780901883767535,359.3222539734401
2.2801462264529055,383.21493967304764
2.282202264529058,364.9677557631904
2.2842583026052106,371.8546056473399
2.2863143406813626,382.6550760515981
2.288370378757515,377.862922183642
2.290426416833667,382.4595231654285
2.2924824549098197,364.66269861562205
2.294538492985972,352.3745484032142
2.2965945310621243,387.0678314868785
2.2986505691382764,380.63422310096064
2.300706607214429,353.6062310264602
2.302762645290581,378.25599315071065
2.3048186833667335,395.2942960420161
2.3068747214428855,371.73649998623415
2.308930759519038,364.9887633547607
2.3109867975951905,352.92390476589685
2.3130428356713426,383.86090847349635
2.315098873747495,385.11800100570656
2.317154911823647,355.6523081136254
2.3192109498997997,377.9317317309675
2.3212669879759518,374.5352080742575
2.3233230260521043,390.8632010408165
2.3253790641282563,366.97059734770886
2.327435102204409,361.8106414778863
2.329491140280561,366.54164224737724
2.3315471783567134,385.3610248767614
2.3336032164328655,371.4995051301633
2.335659254509018,355.72115096867594
2.33771529258517,388.32359263512694
2.3397713306613226,391.5833067336654
2.341827368737475,356.0922496760564
2.343883406813627,363.06852368210275
2.3459394448897797,378.92254733226014
2.3479954829659317,368.90950011483864
2.3500515210420843,375.67182509657704
2.3521075591182363,372.9894500969214
2.354163597194389,369.91343701913866
2.356219635270541,393.8522484908302
2.3582756733466934,375.57886891757795
2.3603317114228455,345.75330746876716
2.362387749498998,373.32297000773883
2.36444378757515,385.04518064208634
2.3664998256513026,364.2034249430926
2.3685558637274546,372.7520589695477
2.370611901803607,381.7504088319638
2.3726679398797597,379.1464205607779
2.3747239779559117,379.4130555372802
2.3767800160320642,361.5335645700259
2.3788360541082163,356.63599083196567
2.380892092184369,385.88082031159036
2.382948130260521,366.9527883211475
2.3850041683366734,372.40751771580483
2.3870602064128255,374.11522932238273
2.389116244488978,377.9966997246027
2.39117228256513,387.21256342486697
2.3932283206412825,364.76436066437384
2.3952843587174346,366.9543471447984
2.397340396793587,368.2129610627216
2.3993964348697396,384.03086838634346
2.4014524729458917,357.336633970631
2.403508511022044,376.8979048467708
2.4055645490981963,389.29041742836125
2.407620587174349,375.2073994335807
2.409676625250501,367.32053783019813
2.4117326633266534,352.28612560283966
2.4137887014028054,381.0818903567296
2.415844739478958,385.52337825832274
2.41790077755511,370.12506958816715
2.4199568156312625,360.2140055468572
2.4220128537074146,388.0555446634272
2.424068891783567,388.32587285251714
2.426124929859719,357.4785448731606
2.4281809679358717,363.720329588284
2.430237006012024,372.7848126470117
2.4322930440881763,373.29281432101595
2.4343490821643288,375.2255581681469
2.436405120240481,373.24356930401905
2.4384611583166333,379.3695488511765
2.4405171963927854,376.7465422637987
2.442573234468938,377.2914105136518
2.44462927254509,361.396660218111
2.4466853106212425,360.65148760493037
2.4487413486973946,383.6488690701308
2.450797386773547,366.7660758274192
2.452853424849699,371.59231528366723
2.4549094629258517,381.28865772858734
2.456965501002004,388.34070230077816
2.4590215390781562,368.9718047311518
2.4610775771543087,362.50065851462847
2.463133615230461,359.78184072755187
2.4651896533066133,385.3583243932625
2.4672456913827654,375.6067838464836
2.469301729458918,359.2038203945601
2.47135776753507,379.88823649748855
2.4734138056112225,389.724918686658
2.4754698436873745,377.58539970641476
2.477525881763527,353.7293687224182
2.479581919839679,371.184251614213
2.4816379579158316,377.04612054165915
2.4836939959919837,369.72089056322966
2.485750034068136,374.86885164818574
2.4878060721442887,373.64541185404744
2.489862110220441,376.4017465817147
2.4919181482965933,388.09596011662234
2.4939741863727454,365.43565938941964
2.496030224448898,355.9043866962337
2.49808626252505,382.3203973823587
2.5001423006012025,378.7602268129406
2.5021983386773545,362.1663711748572
2.504254376753507,372.0738467322187
2.506310414829659,376.7894054198095
2.5083664529058116,391.0788545466276
2.5104224909819637,366.62778700480914
2.512478529058116,355.63220633079493
2.5145345671342683,378.9085079401648
2.5165906052104208,378.20206104404974
2.5186466432865733,364.5446521458627
2.5207026813627254,373.5903733098962
2.522758719438878,378.9702375797164
2.52481475751503,378.8720818854141
2.5268707955911824,376.0431444998077
2.5289268336673345,360.17756639035065
2.530982871743487,365.2211171172846
2.533038909819639,383.55352927496057
2.5350949478957916,369.76765714515824
2.5371509859719437,361.6041676507303
2.539207024048096,383.58897817037166
2.5412630621242482,386.93823181932873
2.5433191002004008,370.5810420856815
2.5453751382765533,367.7372805180535
2.5474311763527053,365.7141779570921
2.549487214428858,374.0102396714488
2.55154325250501,380.52941903567773
2.5535992905811624,365.9015268670832
2.5556553286573145,371.09831701191115
2.557711366733467,390.82177023070835
2.559767404809619,375.6343656606294
2.5618234428857716,357.81886344969035
2.5638794809619236,370.0317791989467
2.565935519038076,374.4261461708537
2.567991557114228,371.3513536225263
2.5700475951903807,373.3279165394274
2.572103633266533,369.5792243805781
2.5741596713426853,380.5888056955439
2.576215709418838,385.55033825060156
2.57827174749499,359.86338866251657
2.5803277855711424,360.6769668320058
2.5823838236472945,380.7448633693226
2.584439861723447,381.05210292576714
2.586495899799599,365.29022331559804
2.5885519378757516,364.720182163237
2.5906079759519036,387.8509465473542
2.592664014028056,381.1527548767145
2.594720052104208,362.7706308183048
2.5967760901803607,367.492617148769
2.5988321282565128,372.2634759700445
2.6008881663326653,376.0644213081594
2.602944204408818,368.9587057121278
2.60500024248497,368.4993978172006
2.6070562805611224,379.6293709862422
2.6091123186372744,383.5173359655911
2.611168356713427,373.92290318599726
2.613224394789579,364.5557143669377
2.6152804328657315,366.2146461181215
2.6173364709418836,377.37472455660776
2.619392509018036,377.84651278234986
2.621448547094188,362.4233471022819
2.6235045851703407,375.5228923832901
2.6255606232464928,391.5114794292964
2.6276166613226453,368.11839512168086
2.6296726993987973,359.6275287130556
2.63172873747495,373.16233674076125
2.6337847755511024,374.7916515969233
2.6358408136272544,369.6361543370714
2.637896851703407,371.46957307790217
2.639952889779559,372.6454491420035
2.6420089278557115,384.6223421041289
2.6440649659318636,381.66510776246594
2.646121004008016,366.2976824430184
2.648177042084168,360.42472251381287
2.6502330801603207,376.75498272833414
2.6522891182364727,371.78587637915456
2.6543451563126252,367.4629662600535
2.6564011943887773,379.4209129004084
2.65845723246493,380.6450190810786
2.660513270541082,380.4009080957059
2.6625693086172344,367.53557691540345
2.664625346693387,355.7770148202164
2.666681384769539,376.42079114074824
2.6687374228456915,382.9242125712813
2.6707934609218436,362.86293721667863
2.672849498997996,371.16355564352796
2.674905537074148,389.42388478987453
2.6769615751503006,374.6368881401338
2.6790176132264527,363.7145785272409
2.681073651302605,366.454231529421
2.6831296893787573,379.0060537279036
2.68518572745491,372.6457731996996
2.687241765531062,367.1611553836351
2.6892978036072144,374.7483981448593
2.691353841683367,376.801140609828
2.693409879759519,385.1318364446819
2.6954659178356715,363.6002274768346
2.6975219559118235,356.8624858584994
2.699577993987976,383.02342771259674
2.701634032064128,374.6862752952529
2.7036900701402806,365.15227885145947
2.7057461082164327,367.5619388654672
2.707802146292585,379.6263149959876
2.7098581843687373,387.64685440425893
2.7119142224448898,371.7039647481826
2.713970260521042,357.5129951755128
2.7160262985971944,376.92336889859325
2.7180823366733464,383.347807282959
2.720138374749499,371.38058352034125
2.7221944128256514,365.65526414653596
2.7242504509018035,374.24325344282124
2.726306488977956,382.9330624737287
2.728362527054108,374.5333355678889
2.7304185651302606,359.78266981220116
2.7324746032064127,364.07405155415995
2.734530641282565,385.70845833592495
2.7365866793587172,381.8374199694327
2.7386427174348698,365.0653117829974
2.740698755511022,371.4520082977602
2.7427547935871743,381.5492247159005
2.7448108316633264,376.0995989907797
2.746866869739479,361.3737634881172
2.7489229078156314,361.95293028112854
2.7509789458917835,375.85326263824584
2.753034983967936,375.8980375041932
2.755091022044088,367.63224215027554
2.7571470601202406,377.12787304914787
2.7592030981963926,385.22517760325877
2.761259136272545,376.7525608743918
2.7633151743486972,376.2814277335854
2.7653712124248497,360.48203029651495
2.767427250501002,373.38926998497163
2.7694832885771543,377.2066297326996
2.7715393266533064,369.11997216963596
2.773595364729459,369.64935481873
2.775651402805611,381.00853338798487
2.7777074408817635,383.62375974914914
2.779763478957916,369.3780562466505
2.781819517034068,360.81784279459373
2.7838755551102206,370.33837645197235
2.7859315931863726,376.90672124448474
2.787987631262525,369.61351560423583
2.790043669338677,366.2637276349877
2.7920997074148297,375.5577797407346
2.794155745490982,384.067717054106
2.7962117835671343,375.9679144433318
2.7982678216432864,371.1118528329217
2.800323859719439,367.8433965195793
2.802379897795591,379.11561442713673
2.8044359358717434,372.19673679457446
2.8064919739478955,367.0248708155334
2.808548012024048,373.8152595034149
2.8106040501002005,381.4139374104532
2.8126600881763526,382.7552832417738
2.814716126252505,356.5825245566284
2.816772164328657,364.647251199463
2.8188282024048097,378.3166661099177
2.8208842404809618,376.1572106940433
2.8229402785571143,364.06660110726074
2.8249963166332663,369.3844059363747
2.827052354709419,384.7321798328171
2.829108392785571,380.48182475124025
2.8311644308617234,361.2224796671844
2.8332204689378755,375.656472284586
2.835276507014028,378.16576129237313
2.8373325450901805,375.5060036427653
2.8393885831663326,366.3792298966715
2.841444621242485,365.89676149450383
2.843500659318637,384.92700311484236
2.8455566973947897,383.0484891777526
2.8476127354709417,361.983341850778
2.8496687735470942,358.3863516499044
2.8517248116232463,374.66201923091035
2.853780849699399,379.72343242319374
2.855836887775551,367.404310001311
2.8578929258517034,367.1569328819486
2.8599489639278555,381.6571159666441
2.862005002004008,401.1307152189938
2.86406104008016,365.48509642861063
2.8661170781563126,355.95475036845323
2.868173116232465,373.9226371041165
2.870229154308617,380.8212660880149
2.8722851923847696,367.73360505062425
2.8743412304609217,367.0948625049222
2.8763972685370742,380.5102696028941
2.8784533066132263,385.35881691276387
2.880509344689379,369.36533497320823
2.882565382765531,357.4568703988775
2.8846214208416834,372.1325736572712
2.8866774589178354,380.3686822411125
2.888733496993988,371.04673976670557
2.89078953507014,366.8809254571492
2.8928455731462925,375.91271620766037
2.894901611222445,386.231116849353
2.896957649298597,372.63263204753775
2.8990136873747496,359.1146198444949
2.9010697254509017,367.62088361909275
2.903125763527054,381.5192765969041
2.9051818016032063,375.2423363769471
2.907237839679359,366.5585194141532
2.909293877755511,373.86517241387145
2.9113499158316634,385.43994674494803
2.9134059539078154,377.4616687603386
2.915461991983968,359.2089992108639
2.91751803006012,362.0743151321052
2.9195740681362725,388.6752887970796
2.9216301062124246,368.3355085433489
2.923686144288577,375.1488385410433
2.9257421823647296,374.84462384295915
2.9277982204408817,380.8501419838183
2.929854258517034,378.58390635336355
2.9319102965931862,362.38375590417473
2.9339663346693388,360.66632035546746
2.936022372745491,374.6383435270157
2.9380784108216433,376.15555745121503
2.9401344488977954,368.56422388993457
2.942190486973948,368.6258879044238
2.9442465250501,392.62157767379034
2.9463025631262525,387.28637190311434
2.9483586012024046,364.02030468081676
2.950414639278557,359.690769716536
2.952470677354709,372.02461939084515
2.9545267154308616,377.33315316617836
2.956582753507014,369.76686813335937
2.9586387915831662,368.32619697195884
2.9606948296593187,379.9623267205101
2.962750867735471,381.9496508886366
2.9648069058116233,368.14042774406494
2.9668629438877754,359.46649931831877
2.968918981963928,377.7118120469367
2.97097502004008,386.0224720236854
2.9730310581162325,370.95889030062995
2.9750870961923845,365.43303156069413
2.977143134268537,374.4959877395534
2.979199172344689,382.8744611556799
2.9812552104208416,372.7058276335915
2.983311248496994,361.00236508560937
2.985367286573146,367.4769211711728
2.9874233246492987,378.2210391581172
2.989479362725451,374.0816323160667
2.9915354008016033,366.57105112770427
2.9935914388777554,372.60361911861304
2.995647476953908,383.9390738405382
2.99770351503006,382.8720373486383
2.9997595531062125,365.2780089515713
3.0018155911823645,355.66940168185675
3.003871629258517,378.18832243579664
3.005927667334669,375.9680268635686
3.0079837054108216,367.1458251656606
3.0100397434869737,370.8886748416151
3.012095781563126,382.7693033731532
3.0141518196392787,385.98394849471856
3.0162078577154308,375.41019177055335
3.0182638957915833,362.70101793349875
3.0203199338677353,375.10799413522324
3.022375971943888,377.4912857081082
3.02443201002004,367.81959644411404
3.0264880480961924,369.77631410023014
3.0285440861723445,382.265901500253
3.030600124248497,384.00962104528446
3.032656162324649,367.36823316781096
3.0347122004008016,359.8157944381061
3.0367682384769537,373.3857926166167
3.038824276553106,379.72980226356765
3.0408803146292582,369.27833355605674
3.0429363527054107,367.6159599830207
3.0449923907815633,380.6936407739222
3.0470484288577153,385.48047684051573
3.049104466933868,370.71876221199835
3.05116050501002,359.6639519436586
3.0532165430861724,370.03935924147163
3.0552725811623245,379.02057611154606
3.057328619238477,371.6782206758797
3.059384657314629,367.35905535944727
3.0614406953907816,376.96255229640553
3.0634967334669336,385.5017062476976
3.065552771543086,373.9750281001325
3.067608809619238,358.2140948954526
3.0696648476953907,367.6997376228336
3.0717208857715432,381.8491792309204
3.0737769238476953,374.7271397602058
3.075832961923848,364.4537836325364
3.077889,375.9072545897178
3.0799450380761524,384.1429719248459
3.0820010761523045,380.3562780024287
3.084057114228457,358.9996355573245
3.086113152304609,365.66260332743434
3.0881691903807615,377.7957696431562
3.0902252284569136,378.39928673671966
3.092281266533066,365.90539346132874
3.094337304609218,369.6398331488556
3.0963933426853707,386.73775011043824
3.0984493807615228,380.67222825168346
3.1005054188376753,361.75604811875326
3.102561456913828,360.9583255414425
3.10461749498998,379.65620818123205
3.1066735330661324,377.0274040335231
3.1087295711422844,365.19503436773704
3.110785609218437,368.3766661932951
3.112841647294589,384.2381877664173
3.1148976853707415,383.9847231799784
3.1169537234468936,363.4127184032469
3.119009761523046,358.3754826255496
3.121065799599198,376.7415841795627
3.1231218376753507,378.2901000254494
3.1251778757515027,366.03202265132524
3.1272339138276553,366.4849454637756
3.1292899519038078,378.56365832012295
3.13134598997996,388.227589669913
3.1334020280561123,366.2468244741168
3.1354580661322644,373.3487717799346
3.137514104208417,370.566904305119
3.139570142284569,378.28848819554435
3.1416261803607215,369.0881687721282
3.1436822184368736,364.6736779149648
3.145738256513026,377.9390010951507
3.147794294589178,384.9325024205713
3.1498503326653307,371.0820978418666
3.1519063707414827,357.4179995490921
3.1539624088176352,381.5146066646481
3.1560184468937873,380.96027670037796
3.15807448496994,371.3133587342586
3.1601305230460923,365.8117683050198
3.1621865611222444,376.8661560307027
3.164242599198397,385.1038657418565
3.166298637274549,371.9834209664852
3.1683546753507015,357.74852305649335
3.1704107134268535,363.762947735694
3.172466751503006,377.52882557309925
3.174522789579158,372.6028840281573
3.1765788276553106,365.6765122462857
3.1786348657314627,384.42073332098744
3.180690903807615,390.2750925293434
3.1827469418837673,375.9961735195882
3.18480297995992,360.0699421023832
3.186859018036072,363.38896940289055
3.1889150561122244,377.10379284352973
3.190971094188377,374.69597998715005
3.193027132264529,365.17180861905535
3.1950831703406815,371.05287125830165
3.1971392084168335,385.9803714852073
3.199195246492986,380.3996962956136
3.201251284569138,362.91204592164496
3.2033073226452906,360.6806454818335
3.2053633607214427,373.78286777994714
3.207419398797595,377.4432330465535
3.2094754368737473,369.23185949669755
3.2115314749498998,367.57418414328873
3.213587513026052,380.8663761056473
3.2156435511022043,384.85561285710384
3.217699589178357,368.3588233546494
3.219755627254509,359.92297904832526
3.2218116653306614,380.70930915927374
3.2238677034068135,384.91448791510453
3.225923741482966,369.9073931199148
3.227979779559118,367.3028415879042
3.2300358176352706,377.39613244718964
3.2320918557114227,384.2225933286712
3.234147893787575,371.40611084214083
3.2362039318637272,358.7898761167705
3.2382599699398797,366.07697161377524
3.240316008016032,377.1133415487459
3.2423720460921843,373.01732213926124
3.2444280841683364,366.6774507738223
3.246484122244489,374.7253480572256
3.2485401603206414,391.04679132744377
3.2505961983967935,378.411475093405
3.252652236472946,357.7254948926506
3.254708274549098,374.75521207625275
3.2567643126252506,377.55616235501043
3.2588203507014026,374.0995982982799
3.260876388777555,366.08320414455716
3.262932426853707,373.4006624670271
3.2649884649298597,383.0275619671492
3.267044503006012,376.11698955230133
3.2691005410821643,360.8100114059713
3.2711565791583164,362.91158228401
3.273212617234469,375.25365114445873
3.2752686553106214,377.1458250563778
3.2773246933867735,367.25718513620114
3.279380731462926,370.127156506681
3.281436769539078,382.01249989258463
3.2834928076152305,380.7704077250051
3.2855488456913826,369.52172877038277
3.287604883767535,373.1135495954932
3.289660921843687,369.6275169938323
3.2917169599198397,370.622069751924
3.2937729979959918,380.71044521829555
3.2958290360721443,368.4321357646744
3.2978850741482963,382.02611527842083
3.299941112224449,384.86296794344577
3.301997150300601,365.86373412342294
3.3040531883767534,358.28991625644517
3.306109226452906,371.8330709330082
3.308165264529058,379.81352845039413
3.3102213026052105,369.0415170635653
3.3122773406813626,365.6443406146886
3.314333378757515,377.82039811302536
3.316389416833667,384.8180531386172
3.3184454549098197,368.93106333891023
3.3205014929859717,358.812171224318
3.3225575310621243,382.72703761492846
3.3246135691382763,381.5657801162843
3.326669607214429,371.1145971867037
3.328725645290581,366.5529456401378
3.3307816833667334,376.294469405468
3.3328377214428855,385.37996593499764
3.334893759519038,370.92115368706845
3.3369497975951905,356.44940382649935
3.3390058356713426,363.4699942010818
3.341061873747495,382.5150069955332
3.343117911823647,374.401529036915
3.3451739498997997,362.8718511313484
3.3472299879759517,370.96442307697157
3.3492860260521042,388.648814720828
3.3513420641282563,377.71537786607615
3.353398102204409,358.67274076254915
3.355454140280561,378.462478891397
3.3575101783567134,380.46575398743295
3.3595662164328655,376.2928644667594
3.361622254509018,364.24665228045757
3.3636782925851705,370.4775955281839
3.3657343306613225,386.06363947437455
3.367790368737475,380.36058438586855
3.369846406813627,361.4525280218547
3.3719024448897796,361.1109325632491
3.3739584829659317,375.3406921237261
3.376014521042084,376.21179167683107
3.3780705591182363,365.1699105003902
3.380126597194389,367.9520736784351
3.382182635270541,384.5549810682494
3.3842386733466934,382.81154523049
3.3862947114228454,377.7094737240389
3.388350749498998,363.8032157488648
3.39040678757515,372.89173189760487
3.3924628256513025,377.1827225935629
3.394518863727455,366.9939453482609
3.396574901803607,364.35084763280804
3.3986309398797596,380.9770503034008
3.4006869779559117,386.2592896881115
3.402743016032064,367.2995198147202
3.4047990541082163,357.4260934648789
3.4068550921843688,369.33010383534497
3.408911130260521,380.3629051775942
3.4109671683366733,381.14678739475306
3.4130232064128254,370.05681799489145
3.415079244488978,378.75045581119065
3.41713528256513,385.80470269233837
3.4191913206412825,370.6641102611034
3.4212473587174346,358.1274382383416
3.423303396793587,366.270128034579
3.4253594348697396,378.4205534879273
3.4274154729458917,372.926833703271
3.429471511022044,366.5317082542655
3.4315275490981962,373.21212713717387
3.4335835871743488,384.9208263764185
3.435639625250501,376.6940552921016
3.4376956633266533,361.4882110657403
3.4397517014028054,366.5659498417024
3.441807739478958,377.5311358635027
3.44386377755511,374.0744036656154
3.4459198156312625,367.30190253733815
3.4479758537074146,372.0151836195485
3.450031891783567,383.89492600414377
3.4520879298597196,380.80351842320323
3.4541439679358716,363.6833684601074
3.456200006012024,362.19910201883346
3.458256044088176,374.66983087734906
3.4603120821643287,377.4205632654247
3.462368120240481,368.4877412550778
3.4644241583166333,377.4103877533253
3.4664801963927854,391.25047983115667
3.468536234468938,383.2756051419449
3.47059227254509,365.25153100016473
3.4726483106212425,358.9663021783828
3.4747043486973945,372.1220131594262
3.476760386773547,377.98570414796313
3.478816424849699,369.1902146086172
3.4808724629258516,367.5086114329705
3.482928501002004,378.29883030490663
3.484984539078156,382.92221837107417
3.4870405771543087,368.75069179262715
3.4890966152304608,359.21223919816595
3.4911526533066133,368.78919969837517
3.4932086913827654,378.3368674184833
3.495264729458918,379.42299883297056
3.49732076753507,378.0018362217913
3.4993768056112224,372.37944397676335
3.5014328436873745,375.5079552923122
3.503488881763527,378.897583489887
3.505544919839679,370.5936983028945
3.5076009579158316,362.4683036304627
3.509656995991984,367.61386900318354
3.511713034068136,379.5414319353524
3.5137690721442887,377.0737236626793
3.5158251102204408,373.93974013668264
3.5178811482965933,383.58500036945554
3.5199371863727453,375.9416172719955
3.521993224448898,360.5096474525125
3.52404926252505,365.3155784486552
3.5261053006012024,378.48247442390885
3.5281613386773545,375.6416233661004
3.530217376753507,365.79971011436714
3.532273414829659,369.804262203954
3.5343294529058116,383.08458941659455
3.5363854909819636,379.6082524109187
3.538441529058116,361.72414376861934
3.5404975671342687,364.2712951683819
3.5425536052104207,389.43239618043845
3.5446096432865732,377.44164460852744
3.5466656813627253,366.8188450543329
3.548721719438878,370.7348442950955
3.55077775751503,382.0794957060599
3.5528337955911824,383.3756685288412
3.5548898336673345,364.2762320962775
3.556945871743487,358.6628535562581
3.559001909819639,375.3488348646725
3.5610579478957916,378.94129449059625
3.5631139859719436,366.9504636339219
3.565170024048096,365.6836268639834
3.567226062124248,379.0398255237214
3.5692821002004007,385.00292322263095
3.571338138276553,366.5224984717391
3.5733941763527053,357.0693588742993
3.575450214428858,386.19642171642386
3.57750625250501,380.2217627835234
3.5795622905811624,368.61270079064957
3.5816183286573144,365.1771580409753
3.583674366733467,378.3356445024465
3.585730404809619,388.70067698250836
3.5877864428857715,370.23734006410376
3.5898424809619236,357.64031926225084
3.591898519038076,367.14588603277593
3.593954557114228,379.4526449588422
3.5960105951903807,372.6490421797931
3.598066633266533,362.6076775445055
3.6001226713426853,375.25459408518975
3.6021787094188378,390.5654347519739
3.60423474749499,375.1796268577515
3.6062907855711424,360.09925091064264
3.6083468236472944,367.80910381033385
3.610402861723447,379.59643334982553
3.612458899799599,374.47241231053954
3.6145149378757515,363.88884137082766
3.6165709759519036,373.30268846086165
3.618627014028056,386.37342572762697
3.620683052104208,377.65293580436867
3.6227390901803607,373.55308857155563
3.6247951282565127,364.3389762729494
3.6268511663326652,378.36052570973214
3.6289072044088178,375.0806357466072
3.63096324248497,365.4364891222492
3.6330192805611223,368.3929431949482
3.6350753186372744,386.04092749320773
3.637131356713427,383.05634313669765
3.639187394789579,362.56773405137
3.6412434328657315,359.9869231202692
3.6432994709418836,373.72877674775214
3.645355509018036,376.98687972722354
3.647411547094188,366.8665762978529
3.6494675851703406,380.4863363029984
3.6515236232464927,385.3646434820019
3.6535796613226452,382.8673488915494
3.6556356993987977,365.2928573049508
3.65769173747495,359.417109314914
3.6597477755511023,371.04981974222693
3.6618038136272544,378.5702115155836
3.663859851703407,369.9167570728723
3.665915889779559,366.4903328111341
3.6679719278557115,379.2180486294204
3.6700279659318635,384.3165581469815
3.672084004008016,368.54331117361266
3.674140042084168,358.9115410321635
3.6761960801603206,369.22074454874223
3.6782521182364727,388.1950128254862
3.680308156312625,379.3713835603022
3.6823641943887773,367.0896768916427
3.68442023246493,376.73977245457746
3.6864762705410823,384.6587485114374
3.6885323086172344,372.91382961229465
3.690588346693387,360.60054610888113
3.692644384769539,368.02790000300683
3.6947004228456914,377.70378830017563
3.6967564609218435,373.520497707825
3.698812498997996,367.51391770843804
3.700868537074148,374.5130895328676
3.7029245751503006,384.2883415090791
3.7049806132264527,376.45653281595384
3.707036651302605,361.7174418130082
3.7090926893787572,364.35858947494114
3.7111487274549098,375.5843838018752
3.713204765531062,373.5873728743734
3.7152608036072143,372.9600792391117
3.717316841683367,381.08997683797236
3.719372879759519,385.6966165091871
3.7214289178356714,380.7885372466869
3.7234849559118235,363.1487554771989
3.725540993987976,360.5587260762001
3.727597032064128,373.7738398186771
3.7296530701402806,376.6437056970228
3.7317091082164326,367.23312302774366
3.733765146292585,368.9890715557202
3.7358211843687372,382.3996408700719
3.7378772224448897,382.8122959692953
3.739933260521042,366.50728648145525
3.7419892985971943,360.5830458359528
3.744045336673347,370.922786823432
3.746101374749499,379.8019619188935
3.7481574128256514,370.53469375068795
3.7502134509018035,366.5693354285466
3.752269488977956,383.15879210536076
3.754325527054108,396.72990301566006
3.7563815651302606,368.44150626876996
3.7584376032064126,358.357814014363
3.760493641282565,368.3007450676796
3.762549679358717,379.20837739865675
3.7646057174348697,374.11250191432146
3.766661755511022,365.8180094549087
3.7687177935871743,377.2421014058918
3.7707738316633264,387.3373050397147
3.772829869739479,371.84825381543493
3.7748859078156314,359.80565776770044
3.7769419458917834,366.5474798770449
3.778997983967936,380.0666974819098
3.781054022044088,373.40918188629877
3.7831100601202405,366.17816482442385
3.7851660981963926,374.2468453205099
3.787222136272545,385.62098441066377
3.789278174348697,377.38471574019366
3.7913342124248497,357.5888854371945
3.7933902505010018,365.90607419065554
3.7954462885771543,392.34697095288453
3.7975023266533063,375.3773586029963
3.799558364729459,364.8909140144101
3.8016144028056114,371.86537960101265
3.8036704408817634,387.1511536266114
3.805726478957916,383.9563472804655
3.807782517034068,360.35806624240604
3.8098385551102205,359.743188474629
3.8118945931863726,376.3319450551442
3.813950631262525,377.51667285790455
3.816006669338677,364.4324574066272
3.8180627074148297,367.06183752592824
3.8201187454909817,382.7206144562766
3.8221747835671342,383.28666430854867
3.8242308216432863,362.1028846152632
3.826286859719439,357.61164885262974
3.828342897795591,391.33951721144985
3.8303989358717434,380.7180961155465
3.832454973947896,366.86590523515633
3.834511012024048,367.87586655761135
3.8365670501002005,380.0074859667281
3.8386230881763526,385.45598796930483
3.840679126252505,367.65604499171917
3.842735164328657,356.1685387178897
3.8447912024048096,371.0782293262606
3.8468472404809617,381.84262085710753
3.8489032785571142,369.9525249415711
3.8509593166332663,364.76569220749656
3.853015354709419,376.15323916804505
3.855071392785571,387.2812110645642
3.8571274308617234,372.5729308480087
3.8591834689378754,358.58790961900627
3.861239507014028,368.30342342965577
3.8632955450901805,378.9567313149668
3.8653515831663325,386.7742651408273
3.867407621242485,367.07043906317665
3.869463659318637,374.9358682175551
3.8715196973947896,385.94490620470737
3.8735757354709417,372.5757867453631
3.875631773547094,361.01123442239543
3.8776878116232463,364.3710279748635
3.879743849699399,378.8951880736167
3.881799887775551,373.6760523353174
3.8838559258517034,364.2966122021243
3.8859119639278554,373.5841205578849
3.887968002004008,388.547789490762
3.8900240400801605,378.6956354376918
3.8920800781563125,361.4129375447277
3.894136116232465,362.27363206145935
3.896192154308617,375.91889508176274
3.8982481923847696,375.33970535918957
3.9003042304609217,368.41199933453225
3.902360268537074,372.56917884045333
3.9044163066132263,384.5685658555302
3.9064723446893788,380.5453893585832
3.908528382765531,364.7850185825768
3.9105844208416833,362.48441720732717
3.9126404589178354,374.07018132673886
3.914696496993988,376.6384218157887
3.91675253507014,368.6570633847713
3.9188085731462925,368.74053400672017
3.920864611222445,392.9201610492229
3.922920649298597,388.6577689794189
3.9249766873747496,365.22190428264656
3.9270327254509017,358.7397929856256
3.929088763527054,370.3168906464602
3.9311448016032062,377.974532754262
3.9332008396793587,369.9105951052527
3.935256877755511,366.84940398635615
3.9373129158316633,379.6319124827488
3.9393689539078154,385.9367460751674
3.941424991983968,371.0061695641765
3.94348103006012,359.790455058535
3.9455370681362725,368.3259983324707
3.947593106212425,378.377792047239
3.949649144288577,373.3434691397244
3.9517051823647296,366.5050553671911
3.9537612204408816,375.27846883247184
3.955817258517034,384.9743109926865
3.957873296593186,382.50416915217414
3.9599293346693387,369.3191192600809
3.961985372745491,366.88155501378037
3.9640414108216433,377.4856685587542
3.9660974488977954,373.3529333941335
3.968153486973948,366.5929871853588
3.9702095250501,372.115312868279
3.9722655631262525,383.6183145427551
3.9743216012024045,379.70622443578486
3.976377639278557,364.2180387686846
3.9784336773547095,364.3960386448724
3.9804897154308616,375.3801760198683
3.982545753507014,375.2283715617627
3.984601791583166,366.2803861998708
3.9866578296593187,369.50819823574295
3.9887138677354708,382.4412765910489
3.9907699058116233,380.03762610498796
3.9928259438877753,363.1043659869859
3.994881981963928,361.3920587360952
3.99693802004008,374.98477670241954
3.9989940581162324,378.4458969555817
4.001050096192385,371.687676578221
4.003106134268537,370.79004225102824
4.005162172344689,382.42971099017643
4.007218210420842,385.2517073155519
4.009274248496994,368.7216423727834
4.011330286573147,360.12202460171795
4.013386324649298,371.31726528508796
4.015442362725451,377.79104215789386
4.017498400801603,370.5998319143875
4.019554438877756,368.73191197271166
4.021610476953907,380.4104923033487
4.02366651503006,385.36116886654787
4.025722553106212,370.9637090811465
4.027778591182365,359.8554920977074
4.0298346292585165,370.2652768218839
4.031890667334669,379.8836096503923
4.033946705410822,374.15845427466513
4.036002743486974,365.34858963094183
4.038058781563127,377.9081268598494
4.040114819639278,388.18050678322305
4.042170857715431,375.7989554237794
4.044226895791583,358.57667586719026
4.046282933867736,365.7169474216539
4.048338971943887,378.00224093244236
4.05039501002004,374.09476957823085
4.052451048096192,364.9811295393327
4.054507086172345,371.83117791135595
4.0565631242484965,388.3429460073738
4.058619162324649,378.7046455828612
4.0606752004008015,358.9497711592541
4.062731238476954,364.54192998175637
4.064787276553107,377.604393193496
4.066843314629258,376.2526530964563
4.068899352705411,366.21929870449816
4.070955390781563,371.4054351376918
4.073011428857716,384.39124852480876
4.075067466933867,383.90378212657254
4.07712350501002,363.20639349729373
4.079179543086172,361.7341148396288
4.081235581162325,377.71964213982915
4.0832916192384765,378.98233949790534
4.085347657314629,367.21456828239656
4.0874036953907815,367.9636784995729
4.089459733466934,382.9191917241154
4.091515771543086,387.1249815161137
4.093571809619238,366.1532215119872
4.095627847695391,357.9972187154102
4.097683885771543,374.7509994921752
4.099739923847696,381.77077012677074
4.101795961923847,368.7076224094641
4.103852,364.975915221543
